clientid,income,age,loan,default
1,66155.9251,30.9,8106.532131,1
2,34415.15397,51.2,6564.745018,1
3,57317.17006,51.9,8020.953296,1
4,42709.5342,50.9,6103.64226,1
5,66952.68885,25.6,8770.099235,0
6,24904.06414,33.3,15.49859844,1
7,48430.35961,25.6,5722.581981,1
8,24500.14198,40.3,2971.00331,0
9,40654.89254,45.1,4755.82528,1
10,25075.87277,28.8,1409.230371,0
11,64131.41537,31.7,4351.028971,0
12,59436.84712,38,9254.244538,0
13,61050.34608,40.1,5893.264659,0
14,27267.99546,31.8,4759.787581,0
15,63061.96017,30.5,1850.369377,0
16,50501.72669,32.9,3977.287432,0
17,43548.65471,38,3935.544453,0
18,43378.17519,44.1,3277.737553,0
19,20542.36507,37.2,3157.44229,0
20,58887.35755,50.6,4965.516066,0
21,23000.784,25.3,1148.118057,0
22,32197.6207,47.4,4244.057136,0
23,23329.31941,29.7,222.6222987,0
24,27845.80089,49.2,4959.921226,0
25,65301.98403,53.7,5465.267886,0
26,47451.63012,32.8,5361.282716,0
27,63287.03891,51.1,9595.286289,0
28,45727.45987,28.5,6376.822949,0
29,59417.80541,53.1,2082.625938,0
30,58842.89131,41.8,10871.18679,0
31,48528.8528,52.2,6155.78467,0
32,23526.30256,28,2862.010139,0
33,67252.90061,27,4221.303157,0
34,58886.85129,49.6,7271.552032,0
35,57584.97379,25.7,1728.423755,0
36,26289.97231,40.1,341.146966,0
37,25952.38147,32.4,2109.200772,0
38,32464.09188,52.4,4326.705073,0
39,60921.0631,44,968.8363827,1
40,26578.53669,34.3,3489.843136,0
41,66260.12156,44.2,7035.589107,1
42,58787.45524,43.8,4167.786724,0
43,62545.70871,31.7,4362.905812,0
44,24381.95345,45.8,4227.018986,1
45,67852.10587,54.2,5730.588251,0
46,41725.61286,35.5,1185.2147,1
47,41896.9716,45.5,4892.209734,1
48,44379.72965,37.8,1814.335082,0
49,28416.89938,51.5,1788.973736,0
50,68427.16311,36.6,1658.070233,0
51,35975.79493,42.4,6610.366179,0
52,57596.3541,40.8,3344.384401,0
53,29681.88309,38.3,1745.871674,0
54,51656.93867,39.5,7158.13906,0
55,24912.84268,54,267.6962986,0
56,47761.82407,32.8,5549.799128,1
57,22248.1792,50.8,4364.975281,0
58,29724.47688,53.4,3075.345728,0
59,52143.82367,49.2,2393.099679,0
60,56577.72286,48.7,5947.421721,0
61,37660.77072,39.7,2129.597165,0
62,37403.7954,39.4,2044.047045,0
63,31652.69373,47.6,5151.070445,0
64,32727.70073,41,1087.919364,0
65,69078.60481,52.8,4076.583914,0
66,40622.19487,52.6,4949.902333,0
67,37521.01717,54.1,8.012076247,0
68,30735.8085,40.5,5946.822297,0
69,24857.69488,32.7,2692.163459,1
70,33180.20159,36.4,4621.997742,0
71,66628.26009,30.7,5992.885092,1
72,38564.93213,51.4,5604.16999,0
73,33704.5085,45.9,5898.000893,0
74,57018.48483,50.5,3507.252166,1
75,40526.90279,43.7,2119.984911,0
76,50827.98052,43.8,1765.983337,0
77,40775.8116,40.3,1922.610022,0
78,55467.15141,53.7,9226.902041,0
79,38789.02939,37.8,7650.65521,0
80,58074.84013,46.5,7388.02444,0
81,57814.10634,44.4,7252.120004,0
82,45190.72918,54.1,7893.559889,0
83,36801.90718,43.9,5406.344926,0
84,68811.77942,48.9,4211.302611,0
85,30483.29553,54.2,4514.00978,0
86,44930.39417,53,7708.315625,0
87,43671.45655,38.8,8066.697865,0
88,27612.9148,44.9,1513.6242,1
89,53607.32693,36.7,2378.766173,1
90,33036.68312,48.9,958.9798221,0
91,64275.83489,51.6,7520.032053,0
92,30673.8375,32.4,383.1075694,0
93,58793.61431,48.3,4391.981054,0
94,21053.49062,38.9,754.6018821,0
95,42095.4222,46,1183.704568,0
96,50360.67879,52.4,4217.166823,0
97,41970.72448,35.2,1622.317392,0
98,51663.41018,48.9,4147.888585,0
99,53601.81244,33,9601.375482,1
100,43439.98873,35.5,6879.306007,1
101,51461.05317,33.6,7292.264177,0
102,41285.17231,46.7,2313.825005,0
103,62895.74977,33.4,2001.281514,0
104,57296.16082,33.9,10601.08278,1
105,60844.09249,35.3,12072.25576,0
106,47634.54955,44.4,141.7038179,0
107,23998.32369,42.6,3928.303909,1
108,63391.61597,53.4,190.8892748,0
109,21534.55122,50.5,228.335387,0
110,28255.65251,46.6,2109.242798,0
111,36496.13393,54.3,165.5060901,0
112,41631.6663,42.6,106.0907472,0
113,68762.41666,47.8,2796.752303,0
114,30075.26492,31.6,2628.577923,0
115,41302.67418,43.5,1379.913124,0
116,39703.75943,49,2403.478216,0
117,63161.09204,46.9,804.0924415,0
118,63062.1421,49.3,56.16616439,0
119,34507.52791,39.5,1793.750255,0
120,27954.70777,39.3,1627.041405,0
121,37369.38206,53.1,3783.601151,0
122,43912.06274,53.8,7757.136789,0
123,22766.7745,35.7,1429.401762,0
124,21603.3057,41.5,178.333871,0
125,61952.90669,37.2,3635.600589,0
126,36116.36509,51,1494.984568,1
127,26157.77727,46.8,2295.811656,1
128,26458.3832,31.7,552.3981664,0
129,69156.30377,35.2,7364.735578,0
130,39441.44476,34.7,1034.758838,0
131,60119.06581,30.1,1810.96046,0
132,55613.48546,50.9,4255.252137,0
133,37049.38624,40.6,6056.817214,0
134,23122.06493,32.8,4263.493031,1
135,48790.13243,42.5,5519.09604,0
136,59132.68516,50.1,4575.527635,0
137,55305.57483,48.6,8176.707165,0
138,26037.46364,34.8,3293.250879,0
139,64899.80503,35.7,4654.249217,0
140,27089.12432,53,5029.488782,0
141,45341.47464,41.2,6525.218423,0
142,24865.79807,36.9,4439.116154,0
143,28239.54321,38.4,4189.832568,0
144,52730.0805,33.8,5706.325323,0
145,28982.05815,35.3,2898.761824,0
146,36221.26601,36.4,5094.670084,0
147,33551.12437,48.9,4333.360862,0
148,43891.35597,50.9,5792.906333,0
149,45148.88572,50.1,6455.391772,0
150,58481.01216,36.9,5380.560596,0
151,69579.92921,53.6,10868.24147,0
152,52743.30857,53.6,2684.700671,0
153,65635.66153,47.1,12701.60348,0
154,34559.90704,54.7,3317.529874,0
155,60218.53153,31.2,3157.961082,0
156,51689.54854,31.7,9881.976006,0
157,47541.61434,53.6,1611.216597,0
158,62905.79302,36.7,11423.9363,0
159,65632.60458,53.3,12498.04045,0
160,31847.85372,33.7,2913.769931,0
161,27947.44028,38.6,5514.117421,0
162,62246.72725,40,406.7207693,1
163,40154.68857,52.4,6013.152874,1
164,58627.55488,33.8,1215.65256,1
165,33441.05107,52.6,5282.72856,1
166,55603.7868,40.8,1411.13008,0
167,31046.37897,39.5,4907.674084,1
168,44708.09987,45.8,2390.850597,0
169,23340.2707,37.8,2707.760939,0
170,24830.18197,54.4,2046.68505,0
171,31422.74739,40.6,1686.835902,0
172,60477.23385,39.7,10711.7009,0
173,26039.02149,33.5,2056.752382,0
174,36186.84807,35.3,1130.735265,0
175,39772.11873,43.6,5492.893689,0
176,34730.16407,31.7,818.5084419,0
177,23118.48331,41.5,1746.936559,0
178,50072.84763,44,8088.568019,1
179,67465.06239,48.6,1802.616994,0
180,38625.63201,46.8,5836.563381,1
181,45227.48283,30.2,5521.507405,1
182,64901.89773,35.6,9589.833525,0
183,40543.91354,38.7,6507.850191,0
184,27793.26672,45,382.2489041,0
185,61167.77482,47.9,10396.61815,1
186,64619.66462,45.7,9704.782409,1
187,37593.75787,52.9,7274.325628,0
188,35032.6496,47.2,135.9316845,0
189,58364.46498,47.2,5809.899,0
190,56945.81041,32.2,6388.369826,0
191,27204.84855,43.1,3827.893915,1
192,21648.26103,45.3,3558.527262,0
193,31077.85689,38.1,4452.330679,0
194,42522.92241,51.7,6790.850263,0
195,31769.24772,34.8,1148.221436,0
196,35556.77991,52.3,6361.973438,1
197,52908.82424,49.5,9841.080553,0
198,35045.13141,47.1,2382.466772,0
199,44488.16448,47,2751.088843,0
200,41679.93712,51.2,395.0007751,0
201,54619.9472,36.1,10780.27188,0
202,38053.62313,42.6,6110.572792,1
203,64718.66178,45.6,1485.079935,0
204,43159.08497,50.7,4350.019897,0
205,29445.5105,50.6,1758.881865,1
206,25817.38988,38.8,4115.484719,1
207,66356.85674,44.7,10725.48473,0
208,56676.158,44.8,2278.554349,0
209,61000.04277,51.3,2160.784908,0
210,58906.25169,42.6,9290.575345,0
211,49589.15372,45.8,2627.405488,0
212,40141.60354,44.1,845.3663713,0
213,31659.72821,49.9,858.511388,0
214,62658.22163,54.4,3343.367161,0
215,39264.4835,42,5255.788283,0
216,46643.12648,41.9,6440.861434,0
217,30515.37212,37.3,415.240435,0
218,65077.32203,47.4,11061.81189,0
219,60871.869,50,4844.172224,0
220,25011.1039,42.8,3834.042782,0
221,68407.18551,32.6,597.9440655,0
222,43727.43934,38.3,1170.556334,0
223,45788.7471,43.8,5894.041317,0
224,65705.01082,48.4,1969.794134,0
225,32434.70251,30.7,2738.440496,0
226,58121.66858,38.5,7531.101249,0
227,62498.50725,35.5,3312.877622,0
228,26090.72588,39.9,4255.626392,0
229,64780.93854,46.9,8402.415586,1
230,65588.40342,45.6,7879.738136,1
231,65743.70367,42.1,7724.571414,0
232,37164.52158,35.9,1445.802189,0
233,65176.52978,44.2,2365.28749,0
234,34615.54217,36.8,6476.760852,1
235,59079.46505,54.7,10326.08977,0
236,56267.17164,53.9,7329.243164,1
237,34862.82129,43.8,6040.772062,0
238,60521.3641,46.8,8035.883173,0
239,42276.78291,40,8055.305084,0
240,38451.17771,31.8,3441.261416,0
241,45985.10865,30.2,7382.056426,0
242,51000.42244,46,778.7326956,0
243,31523.10777,28.7,5174.570569,0
244,28648.67675,43.5,1870.925253,0
245,27514.42796,54.1,3400.910744,1
246,27441.00038,40.7,1455.047602,0
247,67709.24159,44.4,5136.819308,0
248,38600.70719,41.3,2749.080191,0
249,30950.29541,40.2,5043.148637,1
250,27083.82287,46.6,3286.212882,0
251,21512.74527,35,2453.376121,0
252,34796.00356,45.8,443.6665381,0
253,27089.39284,37.1,1851.311563,0
254,25259.40163,49.5,4341.008082,0
255,47007.31358,53.2,4069.402646,0
256,20358.66502,34.1,1064.686918,0
257,67900.22653,47.6,7902.742965,0
258,54418.47099,37.7,5630.741221,0
259,51288.55469,45,6536.966363,1
260,28199.60163,52.9,3871.688902,0
261,22199.61514,54.4,1498.390919,0
262,50514.46963,31.3,2003.65357,0
263,34414.24034,48.5,617.5387522,0
264,37633.08743,42,868.1624733,0
265,55235.50407,37.3,4910.547658,0
266,45587.55184,44.3,8366.614268,0
267,52757.79494,38.7,2321.206314,0
268,41174.80813,48.8,2888.44471,0
269,25685.5352,52.5,490.7429211,0
270,28145.303,32.6,4805.971549,0
271,52094.21837,48,495.0211992,0
272,33552.38598,54.3,6054.244126,1
273,37400.93377,29.3,1693.137378,0
274,21605.72509,50.6,2828.308618,1
275,57562.89174,51.2,8508.835399,0
276,62288.53961,46.1,10657.10612,1
277,22767.2642,49.8,1205.786013,0
278,20943.04333,44.6,4098.11579,1
279,20622.8601,28.1,3518.452629,1
280,48436.66463,32,5851.409789,0
281,27574.63418,31,1017.39616,0
282,62889.36214,40.3,6525.151793,0
283,37683.20049,29.5,7414.552853,0
284,54974.4555,29.9,8922.199717,0
285,56326.08667,31.4,4816.776074,0
286,65670.88344,48.9,3950.870172,0
287,50730.73339,29.7,1879.059662,0
288,64184.91579,51.5,1854.239613,0
289,66179.32411,44.4,3646.93786,0
290,24969.5268,32.2,3595.501942,0
291,54925.51827,44.7,554.4883448,0
292,67879.24802,46,10433.47435,0
293,67787.52676,35.7,9607.498847,0
294,31657.6193,44.6,1448.071984,0
295,36559.13503,51.6,3030.267241,0
296,57787.56566,37.2,6339.850844,0
297,42521.72601,48.1,2661.612516,0
298,51935.18063,45.6,5649.452468,0
299,45677.87613,51.1,2966.246125,0
300,51363.59581,32.6,761.4224042,0
301,27218.56103,36,4145.003587,0
302,43677.62922,40.4,6739.858598,1
303,21533.59551,30.9,1971.55422,0
304,28010.19093,29.8,3971.155479,0
305,51589.28275,41.9,56.99097407,0
306,50480.95269,46.1,8831.184365,1
307,43957.35058,37,5416.357798,1
308,61878.34655,45.3,567.6687734,0
309,60153.33697,45.5,6472.347007,0
310,33388.58334,34.8,4551.876889,0
311,41310.40178,40.1,4481.162213,0
312,25576.95393,41.8,1922.656626,0
313,51455.09845,36.3,9447.117157,0
314,48134.15693,42.1,2075.596112,0
315,51348.5273,29.9,1507.891341,0
316,20532.82373,37.2,1897.780821,0
317,33297.21402,47.5,3674.74134,0
318,55858.54924,46.9,5630.444972,0
319,43777.51848,36.2,3601.299685,0
320,27789.51906,36.6,186.8280739,0
321,36132.42388,32.7,99.4495914,0
322,20145.9886,54,839.8390632,0
323,63108.70739,38.8,5757.848995,0
324,26581.61453,41.2,5090.392774,0
325,62040.88963,51,7643.631046,0
326,69958.70554,33.9,8755.691977,1
327,38082.51952,46,4213.465259,0
328,45183.05418,52.3,5953.453524,1
329,36242.44796,38.8,5688.994849,0
330,44527.2589,36.5,4588.472286,0
331,40496.25582,32.3,4834.603798,0
332,24698.66931,43.9,2427.650788,0
333,60560.30553,32.5,1994.621134,0
334,48018.21146,28.6,6120.090021,0
335,30216.25196,30.4,2116.53731,0
336,61742.23995,37.2,8068.319704,0
337,47288.42667,46.4,4004.988852,0
338,24658.89932,30.7,590.5980812,0
339,64644.3481,29.8,9848.171449,0
340,57517.72414,31.5,4536.857209,0
341,52945.54779,28.2,6262.007945,0
342,36366.99041,38.8,371.040895,0
343,62113.72957,37.2,11928.50986,1
344,62279.5195,46.1,6801.405893,0
345,61799.08496,39.3,5619.217604,0
346,50139.74001,44.9,7758.799823,1
347,69566.68435,46.3,9875.037183,0
348,44897.48837,32.9,5732.399032,0
349,22572.30276,33.4,724.1931885,0
350,37123.07964,29.5,5659.509278,1
351,68744.78865,44.3,5207.883117,0
352,21081.19418,44.5,2395.16535,0
353,58828.29212,53.5,5947.645468,0
354,46706.45886,35.4,7084.263509,1
355,32312.85338,40.1,228.3308036,0
356,60778.76502,49.6,10021.04922,0
357,30948.04155,39.7,3995.807295,0
358,60122.01157,47.2,7189.350735,0
359,43321.68112,41.5,743.867141,0
360,47904.34124,47.9,6183.514146,0
361,58597.38325,53.8,2588.490266,0
362,66091.90591,37.5,8743.509701,1
363,47316.70138,40.8,1940.674044,0
364,40872.63977,33.5,5312.491706,0
365,35154.49348,32.8,4037.719604,0
366,32222.81881,37.7,934.4771331,0
367,40447.67296,35.1,1072.192659,0
368,48463.20455,50.9,8120.25809,0
369,42843.09913,52.2,839.869024,0
370,50310.42244,44.8,8361.7191,0
371,57565.19996,29.9,5353.561654,0
372,55066.18297,30.6,9332.702666,0
373,46065.94821,45,4947.308728,0
374,38309.58566,40,3545.723971,0
375,54472.14476,49,10836.38309,0
376,58695.0944,38.1,1826.516302,0
377,54748.91231,43.7,5438.093693,0
378,46328.17192,42.8,7879.676208,0
379,49633.32747,39.7,7915.313443,0
380,66339.78388,48,2350.891508,0
381,62650.71966,29.2,6425.365364,0
382,27646.78005,30.6,3132.148692,0
383,21437.61575,30.6,2563.960873,0
384,50648.19844,34.4,7110.755833,0
385,29670.67184,44.5,2928.984088,0
386,20258.53866,36.3,2767.8373,1
387,34475.21797,28.6,3162.133837,0
388,28926.43246,28.7,750.067107,0
389,20660.66895,28.5,1756.037625,0
390,24987.93409,48.5,3946.898246,0
391,29672.56081,31.6,607.9094842,0
392,23241.59989,50.8,457.1966172,0
393,24217.22876,44.8,2104.384323,0
394,65574.09334,53.4,3031.246326,0
395,55994.45879,46.1,680.6196961,0
396,67369.33212,35.8,2299.418172,0
397,23305.77149,49.6,4521.004312,1
398,35195.46635,50.9,2836.988178,0
399,27135.07262,38.2,1387.248801,0
400,24037.16514,51.1,2469.364426,0
401,51625.31323,52.1,4592.24555,0
402,50705.76626,30,1096.967075,0
403,58079.1569,54.7,11540.04581,1
404,62192.46707,40.1,1863.891003,0
405,62553.66841,49.7,4641.704785,0
406,68147.95732,32.9,12307.56232,1
407,27619.66141,32,2774.832781,0
408,65330.19284,33.3,4030.803692,0
409,26680.14584,41.6,1671.184924,0
410,46104.59891,36.2,2342.472921,0
411,44904.59764,29.4,4953.773599,0
412,52934.59443,30.5,3248.627718,0
413,43509.75776,52.2,7363.037639,1
414,22118.35733,33,3928.121846,0
415,56275.41002,54.5,2224.88416,0
416,48630.97953,37.5,5862.833029,1
417,64272.7,39.5,4929.878818,0
418,24349.00295,42.8,3890.47105,0
419,34332.31526,30.5,1225.720223,0
420,64940.24109,29.2,8196.930726,0
421,30595.74801,41.2,3495.069881,0
422,53422.21625,35.6,7441.759617,1
423,69995.68558,48.8,2084.370861,0
424,48270.79624,53.4,6232.280399,0
425,27028.15559,48,331.3643087,0
426,23519.86609,49,2368.381231,0
427,37302.0834,48.5,2366.17424,0
428,55601.27185,37.2,10533.45516,1
429,62678.64545,30.3,333.4413981,0
430,41602.43398,28.9,7005.079292,1
431,27533.00133,38.8,1551.420288,0
432,30594.17656,54.8,118.3421421,0
433,47846.9459,47.4,3713.262688,0
434,55273.275,54.5,10282.99745,1
435,23086.25541,32,1256.40116,0
436,29621.27488,41.1,5575.253691,1
437,47533.92095,35.5,6637.770871,0
438,62519.18418,42.8,2324.547705,0
439,50878.95904,28.1,3257.012629,0
440,58580.95951,51.2,4317.715478,0
441,69445.64945,49.6,10643.40418,1
442,60929.17235,39.4,11146.07446,0
443,35496.6655,45.8,168.0547853,0
444,33572.4235,54.6,3369.377023,0
445,55306.91435,33.7,5272.535014,0
446,34141.92764,52.9,3371.66431,0
447,40453.89095,52.5,890.9395353,0
448,69088.77742,43.9,11246.48815,0
449,30885.6922,47.5,5216.354091,0
450,58683.22632,48.6,271.7344685,0
451,60675.81216,42.2,11617.74891,0
452,68460.68003,46.6,949.9566247,0
453,63653.83991,51.9,8866.527185,1
454,42522.57576,34.6,5036.25528,0
455,54140.42913,32.6,7896.223766,1
456,47548.36262,29.8,6153.936564,0
457,24114.01226,44.5,3900.829601,0
458,20686.23909,45.7,3052.576691,1
459,21412.30861,28.2,2639.710126,1
460,69391.1466,52.4,2550.265147,0
461,32319.26222,34.8,2733.420559,0
462,52862.94714,42.3,9754.152239,0
463,48383.27615,46.4,2763.263955,0
464,36430.5384,39.1,5855.185594,0
465,44268.89401,53,6043.143106,1
466,63806.32925,54.5,114.4999674,0
467,46195.77717,50,927.0675939,0
468,23743.16077,41.4,3254.74895,0
469,22089.83748,37.2,2584.022038,0
470,54707.28851,51,10255.19011,0
471,23203.64719,55,749.1453684,0
472,25342.25068,51.6,871.5300911,0
473,31645.63282,50.4,5193.838197,1
474,32306.8084,46.9,3603.364078,0
475,61262.81632,41.5,5564.163603,0
476,26388.7273,51.8,1191.332138,0
477,53009.42543,44.2,3589.253506,0
478,58163.54068,51.6,2237.927764,0
479,38665.03393,40.5,6152.004833,0
480,25289.04722,45.2,3701.537602,0
481,66049.93403,33.8,13172.6813,1
482,56282.98253,46.8,8215.558384,0
483,35778.61523,38.7,5544.654684,1
484,29174.24031,47.6,665.5770001,0
485,55934.43256,34.5,5643.179899,0
486,32256.86152,31.4,2809.322185,0
487,68052.80692,41.9,1415.718263,0
488,26957.05387,42.8,4172.988238,0
489,48685.04202,28.4,9698.582169,1
490,38288.07108,51,1723.399373,0
491,42468.02083,42.6,1902.26561,0
492,55377.77303,52.5,6882.873416,0
493,54231.70279,33.5,10156.14231,1
494,53283.25871,31.5,4065.218795,0
495,52534.78548,40.2,3810.131842,0
496,47847.51563,33.1,8494.016431,1
497,59998.25327,35.1,4659.535976,0
498,58684.51301,31.8,5415.817417,0
499,49114.78793,43.2,6388.85036,0
500,57179.40201,46,2991.967351,0
501,69395.11648,29.5,11047.68434,1
502,43963.73801,31.9,4481.436861,0
503,66326.47247,54.3,5602.160022,0
504,35886.72684,46,843.749092,0
505,35578.23411,41.6,3640.848886,0
506,48689.00043,52.2,3859.471823,0
507,56510.83536,39.5,9255.439649,0
508,50275.89996,41.1,5541.821255,0
509,56665.49409,39.3,11159.79317,0
510,42912.09054,47.9,4550.122853,0
511,22169.72922,41,947.1996384,0
512,35919.80732,47.2,1227.109484,0
513,61987.68527,38.8,2618.243037,0
514,30044.68352,33.8,1428.439625,0
515,61528.27242,32.7,10897.90548,0
516,31196.49177,38.8,987.2615366,0
517,66003.95999,29.4,11207.49523,1
518,56960.67384,46.1,4856.483454,0
519,41315.10789,41.6,1378.909057,0
520,64913.34384,51.5,9781.326722,1
521,32804.90449,53,4961.25568,0
522,25789.2098,51.4,2410.277414,0
523,31908.35431,49.5,1857.461578,0
524,56050.30258,39.6,6870.83901,1
525,66505.77569,44,6571.197021,0
526,57504.07174,37.9,8107.267645,0
527,44619.11149,42.1,2474.977159,0
528,21158.93529,52,3562.308296,0
529,22765.19092,37.9,540.6177247,0
530,25052.82026,40.1,3367.701923,0
531,61006.1073,44,5850.770691,0
532,62321.24247,39.9,10649.07205,0
533,49604.54421,51,7045.919202,0
534,48433.37349,40.6,789.6333613,0
535,57590.28328,30.9,7676.310663,1
536,62691.70137,39.9,8244.7489,1
537,51121.65687,34,6471.628202,0
538,22516.54035,37.6,4267.451902,0
539,60857.23505,37.6,10486.74435,0
540,62908.35748,41.1,3213.898146,0
541,49665.63384,31.3,2713.885075,0
542,65322.80107,49.6,2739.71999,0
543,20598.92656,47.6,3872.402468,0
544,55476.65698,35.9,4733.50583,0
545,26218.49485,53.8,3343.816358,1
546,40794.87023,32.8,6519.43706,0
547,53719.65111,46.1,1670.737893,0
548,20715.53563,41.9,369.5277394,0
549,57163.8524,30.8,577.5307824,0
550,33751.20531,30.4,6494.184336,1
551,44832.56472,44.5,1256.253538,0
552,51035.63346,48.5,2889.880195,0
553,53493.48601,41.9,5030.8288,0
554,58205.68,33.3,10035.60302,0
555,47439.94076,43.8,7896.356942,1
556,47586.22771,53,3343.056276,0
557,26100.85126,47.1,960.1372514,0
558,45326.40367,39.3,5142.110837,0
559,24391.75623,47.1,2198.144889,0
560,53741.37102,43.3,6513.150125,0
561,40053.72227,36.5,44.5272461,0
562,53033.86413,51.7,10427.4705,0
563,25176.50201,42.1,3064.718488,0
564,31210.84702,51.4,3853.088042,0
565,23532.2763,42.4,1077.8404,0
566,63776.77079,47.7,6697.971583,0
567,52278.765,53,4269.136035,0
568,56015.81322,50.9,2275.763425,0
569,56110.93994,40.8,9351.006131,0
570,57856.80823,38.3,8824.164747,1
571,30187.09186,42.6,4462.823258,1
572,30786.87193,53.8,3563.319789,0
573,22279.29977,36.8,3141.338536,0
574,42476.26553,49.5,8334.182008,0
575,58147.79986,30.7,3951.189747,0
576,36266.21187,46.9,3206.927665,0
577,39045.49716,31.2,1165.492158,0
578,64467.80368,53.5,521.5757014,0
579,36594.80667,43,3492.334022,0
580,58797.76286,31.2,8892.963303,0
581,66653.27093,44.2,5180.71186,0
582,48271.49838,45,6077.680287,1
583,30991.43192,45,4589.267265,1
584,45446.51834,53.4,8474.982464,1
585,37142.73889,30.4,161.2375511,0
586,58320.80889,42.2,10033.49168,1
587,24825.54068,48.9,3650.196352,0
588,20511.42944,32,931.7900744,0
589,48326.32089,42.9,7168.707002,0
590,55441.35879,37.4,10768.74784,0
591,60496.90792,42.6,1115.154587,0
592,25296.15423,42.9,1320.462443,0
593,50414.32032,40.8,2468.171999,0
594,67984.04038,36.4,1642.969471,0
595,50382.39977,40.7,9183.842295,0
596,49413.29854,46.5,2554.044352,0
597,61464.82064,50.1,5099.08746,0
598,53784.04957,42.9,2761.85138,0
599,35993.28793,36.7,901.9277107,0
600,63402.00468,47.5,7530.767633,0
601,40484.97132,45.9,1093.679203,0
602,26168.01227,52.7,3040.98135,0
603,60044.28152,49.3,6823.434443,0
604,23984.55095,34.5,4622.275198,0
605,40359.70119,33.3,1783.697326,0
606,33583.89108,36.2,1251.867366,0
607,68038.79202,50.6,10108.79585,0
608,45652.05927,34.6,5408.212129,0
609,34399.20978,36.2,6019.834423,1
610,57628.43892,50.7,5021.639683,0
611,24294.67689,37.5,4360.053009,1
612,52218.88251,49,9792.091531,0
613,50061.76774,44.7,6145.131817,0
614,49352.27422,41.7,3362.774486,0
615,21087.35554,53.8,3353.693571,0
616,23812.25268,36.4,2716.655819,0
617,49395.16649,47.3,5927.574676,0
618,33338.94399,53,2929.851424,0
619,29668.32072,52.8,2042.436463,0
620,45936.5972,30.3,8525.231909,0
621,55948.06772,47,8569.220573,0
622,53239.50071,45.1,4606.156805,0
623,43694.03444,37.4,5049.635509,0
624,24078.0725,48.1,3276.139948,0
625,50258.55302,50.5,1086.246165,0
626,41816.65683,38.1,4534.575973,0
627,36892.71622,34.2,6463.647751,0
628,23886.56761,36.3,4440.419617,1
629,48757.76505,33.5,1833.581051,0
630,34601.68266,34.7,2430.101618,0
631,52986.00455,44.6,4928.607034,0
632,50740.95102,40.3,784.5773121,0
633,53096.9914,47.7,2663.052609,0
634,38500.00065,35.6,7571.682318,0
635,41004.26236,37.9,1016.141008,0
636,63585.36459,44.2,1594.972682,0
637,31823.68106,42.7,2290.430342,0
638,26242.63362,46.8,1801.228195,0
639,63531.24599,30.1,6917.508435,0
640,64751.14654,49.1,2289.851251,0
641,31091.2763,35.8,4071.083034,0
642,66871.26736,47.4,3614.268185,0
643,25098.65283,38.3,2611.848092,0
644,33720.58922,43.6,1365.952209,0
645,28182.52329,51,2285.956538,0
646,27334.56971,30.7,2963.794432,0
647,68694.84318,37.1,12731.89464,1
648,46195.62167,42,2888.633728,0
649,34488.20985,31.3,2156.314406,0
650,57827.6631,53.3,10816.75901,1
651,20346.46905,40.6,656.0331879,0
652,60480.9758,51.8,3216.094541,0
653,51915.67978,52.3,2282.911022,0
654,54625.50698,46.1,8619.745177,1
655,48305.42709,44.2,4833.47747,0
656,28577.96451,32,1639.225639,0
657,53400.82701,40.2,10418.19298,0
658,43414.48789,30.8,7170.946724,0
659,47526.23413,51.4,8957.330544,0
660,46082.07216,36.2,2921.235379,0
661,32195.59252,48.5,4980.013585,0
662,49067.09129,36,7258.968492,0
663,21293.47713,30.6,1368.691922,0
664,52100.91739,52.8,4767.277192,0
665,48334.38778,36,2234.443137,0
666,58507.62355,49.3,694.1351678,0
667,27521.04034,44.9,2699.851346,0
668,63914.22537,30.5,139.3145719,0
669,28598.83265,40.2,524.2010921,0
670,23298.46675,33.7,1741.183919,0
671,35697.55414,43.6,2907.958272,0
672,40376.16358,30.9,3901.937984,0
673,56534.96684,47.3,2161.083752,0
674,36088.93861,33.4,6222.415273,0
675,34158.63397,53.2,2911.408067,0
676,29732.05762,40.9,3485.018026,0
677,41736.20154,39.5,7602.613055,1
678,42236.45609,36.6,4749.068675,0
679,28796.85084,37.3,706.2289942,0
680,55097.38848,43.7,9342.479427,1
681,40916.56415,53.1,5219.804028,0
682,20908.3351,47.5,3133.624447,1
683,57999.77239,44.1,859.5892942,0
684,57746.58159,39.9,727.194665,0
685,55116.23451,42.1,10284.60679,0
686,57765.52116,41.7,5445.22266,0
687,45200.9928,33.4,7335.962568,0
688,42435.18949,48.8,2766.280914,0
689,46365.57352,47.7,5443.276307,0
690,57187.70089,32.9,9390.672261,0
691,66539.9276,48.6,12129.08223,0
692,25244.7267,48.3,1278.999504,0
693,54780.34561,44.4,8134.220408,0
694,59253.12146,33.7,7327.283577,0
695,48540.34154,46.9,1012.934993,0
696,30415.10508,53.1,4362.083152,1
697,48768.69924,43.4,500.5991056,0
698,52299.21808,38.2,7880.685807,1
699,42242.48912,41.8,2070.379381,0
700,28218.96527,35,1305.082433,0
701,40208.13186,47.3,459.0346888,0
702,61419.67284,31.7,9921.672387,1
703,51282.50524,43.8,8445.385343,1
704,36017.90275,31.9,1526.392476,0
705,57575.00979,52.9,9857.22995,1
706,53330.76714,36.6,2343.497556,0
707,39834.51984,53.6,699.9557764,0
708,62469.42837,42.8,7286.550391,0
709,40334.61673,40.4,6808.869955,0
710,47542.8027,42.4,9448.209721,0
711,55883.62286,35.9,974.5630674,0
712,29163.01588,34.9,1469.129704,0
713,47786.14106,32.5,7181.478553,1
714,29736.3105,33.8,657.0484089,0
715,50831.42753,44.4,9572.586884,1
716,62030.046,43.8,7572.567589,0
717,54049.01274,42.3,4569.647911,0
718,34336.01759,48.9,3441.644524,0
719,31895.71531,43.7,3423.346172,0
720,51894.5401,43.7,6579.534007,0
721,37616.71086,41.6,5732.240108,0
722,22076.948,35.5,3948.143344,0
723,56252.95371,30.2,7327.070282,0
724,26316.75849,34.7,923.0284413,0
725,23120.87961,50,1417.846522,0
726,39033.03271,48.1,5757.890479,0
727,32420.81815,52.3,1494.212974,0
728,68827.24433,47.1,1049.175477,0
729,58092.20489,31.8,5277.74042,0
730,43538.85612,45.7,8523.901116,0
731,64040.48418,46.6,5408.727767,0
732,34395.22922,43.9,2089.7325,0
733,57405.51493,42.4,6914.75154,0
734,22581.13397,41.7,34.28510582,0
735,27952.94598,45.2,3965.251974,0
736,54022.91284,49.3,10641.45144,1
737,63546.16476,37,6170.239116,0
738,60713.4303,35.1,396.2336776,0
739,44519.32947,43.9,1446.468103,0
740,40997.79899,30.5,7908.331843,0
741,63661.38333,54,6095.308749,0
742,34429.14674,38.4,2240.277404,0
743,29181.86143,39.5,2529.612969,0
744,52510.43824,50.6,1858.30824,0
745,37536.34724,44.3,2634.358585,0
746,35683.74495,48.7,4337.825559,0
747,45622.29071,40.7,528.1812501,0
748,67385.40318,47.7,6747.232379,0
749,69411.79253,40.9,12176.78244,0
750,48322.51407,33.2,7732.696396,1
751,40836.58881,49.6,6994.487801,1
752,38035.95133,35.2,4298.705028,0
753,42696.97137,31,222.1964386,0
754,24181.69479,41.8,1529.018868,0
755,33194.40264,50.9,6615.387858,0
756,32541.46153,51,780.8328568,0
757,38381.41306,44.4,322.7241556,0
758,25921.91253,47.1,5104.746789,0
759,58810.97173,53.7,9099.724338,1
760,63025.74408,46.6,2956.977746,0
761,29954.00451,53.1,5774.07427,0
762,40641.52302,49.6,5042.326368,0
763,43940.9107,39.5,2855.379187,0
764,65166.97287,43.2,8859.087469,1
765,58820.38206,35.7,530.6578241,0
766,50719.76308,30.9,4770.937668,0
767,46766.59592,48.9,2383.407757,0
768,67520.7596,44.8,13041.77945,0
769,28386.25355,49.2,1718.943782,0
770,68276.03076,48.8,4842.07796,0
771,30731.72628,35.5,1129.562412,0
772,30012.25109,43,3972.151405,0
773,38075.31877,44.1,6928.943621,0
774,55932.39657,45.3,4876.366909,0
775,27966.24445,30.1,4445.203178,0
776,53825.53674,31.5,5272.804792,0
777,65451.49652,47.9,8129.048931,0
778,39473.99586,33,6034.153228,0
779,42344.80871,51.8,6800.246806,0
780,36112.87441,33.6,3737.212187,0
781,32720.5048,36.9,4367.26495,1
782,27973.82656,48,403.4021354,0
783,21306.03312,35.6,3791.023528,0
784,36029.30158,38.5,2928.100439,0
785,48457.96355,30.4,8108.172683,1
786,46038.51066,33.6,6868.987805,0
787,34247.15902,51.3,6458.790585,1
788,64247.615,30.5,4513.203694,0
789,62109.76709,47.2,2816.430158,0
790,21481.80379,46.6,1137.657891,0
791,20762.47447,49.2,2385.224837,0
792,33756.52723,37.8,1169.835925,0
793,54325.80727,43.5,6978.525057,1
794,33197.8078,39.5,3993.146866,0
795,56846.47423,33.6,5268.227475,0
796,26542.93109,32.2,4233.089586,0
797,53200.54815,30.3,3090.473119,0
798,38073.4069,45.3,2284.005677,0
799,43937.21904,51.6,3213.541963,0
800,49284.81941,48.5,493.589997,0
801,22869.32345,38.9,527.5515684,0
802,60113.34254,49.1,8253.384569,0
803,23613.25569,48.6,2469.234585,0
804,68755.09442,51,10990.53375,0
805,26449.32829,33.9,2952.123152,0
806,42855.41611,46.8,4923.814846,0
807,25686.77894,34,3728.397031,0
808,67125.64924,52,7482.067369,0
809,27427.78945,46.4,719.9466646,0
810,37145.57306,42.3,1510.735507,0
811,41702.60077,31.9,6105.727929,0
812,20710.77596,38,3960.710873,0
813,39124.16436,41.7,401.3267334,0
814,32834.64674,36.8,4184.578203,0
815,26267.2214,38.8,1136.117271,0
816,41254.2282,34.8,6993.049441,1
817,38268.6966,39.2,2522.057185,1
818,37087.26876,51.6,6391.153194,1
819,38458.13304,33.4,3644.30607,1
820,40185.77567,35.4,1002.340574,1
821,65481.94555,34.4,10614.24849,1
822,57426.68048,35.4,2461.974406,1
823,47903.31425,44.1,4283.226974,1
824,34222.18775,34.9,3582.151364,1
825,28481.2656,53.3,5302.179943,1
826,43069.65215,43,4091.561292,1
827,33093.96186,52.3,3852.992444,1
828,61363.85606,41.5,9636.804731,1
829,68100.73562,45.2,8124.59898,1
830,50551.48034,33.8,5262.616088,1
831,54421.05401,36.4,6229.836019,1
832,32152.45974,52.6,3550.584889,1
833,40230.97571,41.3,745.1947491,1
834,53483.374,40.7,1459.668599,1
835,65137.93776,38.3,10352.18177,1
836,29496.59413,34.6,2216.975334,1
837,45181.93371,37.7,2243.153992,1
838,24994.7782,39.2,51.64026024,0
839,54820.97401,33.6,10070.94905,1
840,62955.60829,50.8,207.5438178,0
841,52956.24608,43.6,959.0972148,0
842,40366.20324,46.1,7410.792024,1
843,60005.01013,52.2,10677.66802,0
844,37598.38508,35.5,3641.808411,1
845,61323.0009,37.2,8699.946682,0
846,21243.9323,31.7,3438.979277,0
847,62111.43441,39,499.2085782,0
848,56524.87881,51.1,5296.940273,0
849,51718.13696,36.8,1036.616804,0
850,43205.63175,51.4,4835.274657,0
851,26934.19744,46.1,4113.299167,0
852,68966.82256,37.7,6690.635338,0
853,31527.3472,33.9,2062.719158,0
854,46839.06109,31.4,1498.200316,0
855,32151.29686,44,4601.940086,0
856,40831.80192,46.4,6429.593688,1
857,30868.80482,48.7,4618.392184,0
858,62988.82643,52.6,6924.901569,0
859,65496.76748,41.3,11805.55577,0
860,63032.62627,42,390.3358609,0
861,27287.07454,38.3,4509.881422,1
862,44299.37174,31.2,5154.909843,0
863,44091.34923,39,1664.104927,0
864,26617.03032,38.6,2727.241681,0
865,21856.23353,31.2,1500.653745,0
866,28072.60436,40.4,1.377629593,0
867,35950.48845,53.7,2664.925675,0
868,28982.11236,50.5,1440.499168,0
869,51790.72645,42,1281.035729,0
870,65000.81962,34.2,1114.914824,0
871,29761.04601,50,3748.258124,1
872,23081.45074,36.1,257.6612015,0
873,60016.74099,31.9,1522.646768,0
874,54619.15536,35.1,901.2777768,0
875,66274.2081,46,10257.91839,0
876,49380.65863,43.3,5425.280945,0
877,46283.06746,40.3,2166.1231,0
878,25554.69852,32.8,4229.914353,0
879,36680.18192,41.4,4849.333785,1
880,30383.67633,41,2153.607725,0
881,67730.4437,40.1,8881.583636,1
882,36446.72414,48,2927.675444,0
883,33648.73899,49.6,1498.161255,0
884,53852.79954,38.5,2089.909464,0
885,61298.21867,47,9399.504602,0
886,69465.74696,45,7983.705373,0
887,39102.04171,52.7,4200.697505,0
888,29366.58233,41.3,4049.253865,1
889,67949.73807,46.8,1790.348617,0
890,29468.85918,36.4,3703.953047,1
891,56839.4019,52,9004.801714,0
892,38277.93687,52.4,7405.80321,0
893,49664.27072,50.1,5571.456364,0
894,49972.01083,48,763.9541159,0
895,27356.80095,36,2983.583322,0
896,36840.60366,52.5,6557.940331,0
897,51438.81407,46.6,6898.783719,0
898,40614.72205,43,2649.695356,0
899,56738.63732,34.4,3210.807048,0
900,68004.68622,52.1,2698.047781,0
901,44458.63729,39,1456.234944,0
902,66801.19751,36.3,288.6467693,0
903,48991.85368,50.2,7453.264268,1
904,69430.93662,53.1,2648.220452,0
905,27989.1111,52.4,1770.818279,0
906,67675.80477,38.8,4396.076877,0
907,47985.72247,46.6,8801.610127,1
908,43388.20947,39.7,7007.154253,0
909,63182.45567,46.5,3493.224567,0
910,20568.89131,38.3,2257.064782,0
911,25833.71723,37.9,3716.254685,1
912,23087.3014,38,423.4183995,0
913,36124.71783,52.4,6485.05748,1
914,57330.61941,51,1058.039202,0
915,47240.25312,37.2,4286.345614,0
916,55730.62923,37.8,9286.357545,0
917,61660.40132,32.2,1684.526564,0
918,49746.88744,52.4,7354.129523,1
919,23973.68759,34.3,95.46072238,0
920,28085.4796,46.1,4431.280471,0
921,33585.47474,53.2,3933.883012,0
922,44179.3851,30.1,5888.375781,0
923,56025.41973,43.5,4341.626699,0
924,49369.70415,43.6,109.3796228,0
925,26889.36474,50.7,675.7120311,0
926,30873.21764,45,4076.87675,0
927,30608.94324,41.2,2632.551811,0
928,54878.08965,53.7,1504.473462,0
929,32423.80685,53.8,2961.952368,0
930,46608.36902,30.5,1521.868405,0
931,65689.1897,52.2,255.072656,0
932,49054.86027,51.5,1102.240361,0
933,20310.57756,49.7,1279.113098,0
934,66423.39933,53.2,1066.214601,0
935,45783.15475,31.6,7492.90982,0
936,62887.76267,34.1,6849.484223,0
937,51088.21078,33.5,9097.112036,0
938,66217.94485,39.7,745.0760945,0
939,62799.75061,45.7,6752.586071,0
940,45789.48752,34.8,4545.157459,0
941,59727.40599,44.2,5203.325181,0
942,35513.58955,53.5,6983.360741,0
943,29178.97759,46,1664.386062,0
944,67501.69225,41.2,7589.75999,0
945,66255.02953,37.2,7475.212282,0
946,63558.86409,47.5,9282.927735,0
947,63441.71236,38.4,3119.412678,0
948,64983.15424,38.7,9109.774342,1
949,56946.64594,50.9,11175.84107,0
950,52349.87246,41.6,5181.848501,0
951,31473.45878,50.7,797.3459721,0
952,59267.3392,50.2,5085.311919,0
953,66809.17325,51.6,1316.187128,0
954,48083.31155,47.5,9193.095264,0
955,20629.3473,35.2,3310.410118,1
956,25363.33106,36.2,3946.001447,1
957,28873.67417,42.5,2224.469765,0
958,41430.85526,32.2,5719.278116,1
959,53612.13123,42.5,5976.896568,0
960,51555.74026,33.1,9217.688669,0
961,46564.3789,53.7,599.830324,0
962,61200.42748,48.1,406.8518612,0
963,29307.32077,36.2,481.8426971,0
964,67687.18308,37.5,10506.32803,1
965,52565.06574,43.7,372.9742533,0
966,52920.14801,49.3,9521.769942,1
967,34981.36783,42.9,5502.736031,1
968,65210.8371,50.9,12607.95166,1
969,60016.07961,44.2,2857.007414,0
970,23066.96468,51,1933.353568,0
971,52603.87864,38,2043.089553,0
972,20111.36326,48.9,1745.371922,0
973,32759.70028,33,5211.32563,0
974,30578.02016,40.2,3010.35024,0
975,21211.58939,47.4,931.7810522,0
976,53746.32658,49.1,9534.660206,1
977,45214.10922,39.5,1779.727735,0
978,58465.0497,38.7,11417.06009,1
979,54422.97349,49,444.6137769,0
980,62842.06439,34.4,107.5972315,0
981,53005.13229,52.6,2539.336749,0
982,40749.02818,31.7,6207.186165,1
983,49804.41083,52.9,7235.194717,1
984,37277.24612,39.5,6289.256076,1
985,46883.20654,38.6,6342.567909,1
986,31763.3692,47.3,3489.404122,0
987,61013.18158,48.4,1791.542962,0
988,41285.3589,43.8,532.1002558,0
989,39133.89186,46.4,433.4584179,0
990,62171.80256,40.1,1035.462496,0
991,53638.64595,38,109.4788536,0
992,49264.58489,50.4,3051.574267,0
993,63114.49699,31.5,11890.75719,0
994,58165.50622,36.7,4155.723767,0
995,43029.80326,39.1,6894.165381,1
996,21593.62266,32.7,458.0937244,0
997,49104.76824,45.5,9452.217947,0
998,65776.23241,32.3,2805.863745,0
999,36192.14945,40.8,7236.17393,1
1000,62165.86119,33.4,4739.948954,0
1001,50793.35572,38.7,421.6403796,0
1002,62422.20379,49.9,2841.633423,0
1003,63166.99496,53.2,4058.789534,0
1004,23717.56785,51.8,1530.090242,0
1005,66797.66467,30.7,11921.19954,1
1006,30272.20362,30.2,1440.072549,0
1007,55741.19569,42.1,3181.780519,0
1008,30742.57971,42.4,5685.653641,1
1009,20491.56433,45.1,1579.168249,0
1010,35620.41863,37.1,3611.295903,0
1011,50206.13372,49,5826.462898,0
1012,67935.45387,46.7,8267.326053,0
1013,59223.3966,34.6,3901.402085,0
1014,32657.26868,33.1,1796.270503,0
1015,55931.65458,37,4053.519938,0
1016,23694.77887,43.9,764.29719,0
1017,44324.28637,49.4,2672.692026,0
1018,34735.49175,33.1,1402.217854,0
1019,67064.34474,30.6,1091.624816,0
1020,42761.49268,33.1,610.6578471,0
1021,49517.72233,39.3,7337.950431,1
1022,54372.18266,30.1,839.1250812,0
1023,29941.96837,37.3,3170.045654,0
1024,68414.12078,43.3,6154.052457,0
1025,23891.24457,36.4,3475.905423,0
1026,47187.57155,37.5,7933.469449,1
1027,39819.92094,37.8,3577.44769,0
1028,50632.27924,37.3,1262.356066,0
1029,39970.21125,53.8,7867.616836,0
1030,55176.1396,53.2,7822.936091,0
1031,50533.57195,30.8,117.7125869,0
1032,52983.87446,39.7,5567.941087,0
1033,31187.66993,35.9,593.1247798,0
1034,34909.98223,42.9,2852.371795,0
1035,53810.84766,52.7,9154.477015,0
1036,55478.96737,52.5,6227.541774,0
1037,60394.09487,50.8,8293.576747,0
1038,36845.73868,31.1,1790.013566,0
1039,60264.94065,43.6,2241.388144,0
1040,52981.5086,48.5,3759.937234,0
1041,50222.76242,53.2,8734.740617,0
1042,59256.55596,49,9812.978717,0
1043,43203.41422,31.8,7730.727575,0
1044,46288.75641,30.3,6053.791581,1
1045,58176.15493,52.6,9852.14111,0
1046,25631.43473,34.2,4778.700543,0
1047,58977.99765,50.2,9442.01161,1
1048,25048.01599,46.4,2341.367858,0
1049,33436.48901,53,5473.985551,1
1050,23787.36705,47.1,3041.552908,0
1051,69456.56777,35.7,13190.36589,0
1052,65447.61161,48.8,3269.534327,0
1053,68743.35318,41.4,2290.204289,0
1054,36052.5776,34.3,2830.179862,0
1055,24820.79247,36.2,51.94924278,0
1056,26046.38417,52.7,4669.457353,0
1057,60850.80244,34.2,7206.852593,0
1058,69929.011,32.6,12427.8357,0
1059,53298.49615,36.5,2106.709791,0
1060,48818.38232,44.6,2312.421777,0
1061,38042.08416,32.6,3495.856306,0
1062,42119.82271,30.6,1930.566532,0
1063,62247.87974,30.6,1870.715089,0
1064,62252.08816,39.2,1699.680972,0
1065,36973.08569,46.6,4144.448144,0
1066,54217.23678,49.2,8836.775689,1
1067,44218.76632,47.7,1693.920179,0
1068,33274.05027,34.9,2244.883109,0
1069,54656.54904,44.4,9911.134963,1
1070,67593.51708,34.5,9864.078027,1
1071,39472.70725,34.3,596.4811795,0
1072,30572.44686,50.4,1847.09425,0
1073,50447.69963,48.3,2443.768915,0
1074,49198.65266,30.6,483.6201677,0
1075,53768.22821,49.7,3696.953244,0
1076,52809.54629,50.6,6276.830737,0
1077,38011.72665,42.4,4625.193378,1
1078,58910.29177,50.9,3671.923094,0
1079,57914.73107,46.5,6715.857908,0
1080,39494.76692,42.1,3544.156039,0
1081,45918.87525,49.2,1910.329531,0
1082,55649.05588,53.7,7660.346171,1
1083,27136.6288,32.3,2253.190253,0
1084,62724.63612,43.9,9255.137755,0
1085,32921.84858,53.2,2553.212778,0
1086,28482.64955,32.2,329.4500422,0
1087,44170.22174,36.4,2168.751735,0
1088,60664.3716,48.9,5873.410979,0
1089,64501.93043,31.3,12147.31422,1
1090,28237.51739,49.6,2728.189944,0
1091,67420.59545,49.1,3668.994784,0
1092,55642.99339,44.7,2841.697982,0
1093,56086.05809,52.9,3990.85076,0
1094,57676.73918,30.7,10504.66817,1
1095,62535.63285,50.6,9490.26419,0
1096,60686.76857,32,10614.13095,0
1097,25032.30094,36.4,680.9047822,0
1098,22228.34529,48.7,2187.213337,0
1099,41435.15375,43.2,3702.171428,0
1100,43955.4094,36,7833.477761,0
1101,60063.69309,36.2,6766.294181,0
1102,34635.74475,36.6,4859.235287,1
1103,63944.32373,42.8,12213.94934,1
1104,35403.42733,47,2929.359704,0
1105,53654.07937,33.5,6587.775556,0
1106,23508.23073,47.3,4622.841065,0
1107,61869.46603,46.8,1040.493673,0
1108,20674.89708,31.8,299.8251378,0
1109,22127.92411,37,1777.828551,0
1110,27408.72961,48.4,2591.028947,0
1111,60720.7961,33.2,3278.179727,0
1112,34760.01932,45.9,28.88253444,0
1113,23057.36392,43.8,2487.165182,0
1114,42380.99506,46.7,6832.684817,0
1115,37887.54939,43.6,5061.777831,1
1116,39988.74074,42.4,357.0881242,0
1117,25026.50564,30.7,3845.741849,0
1118,43588.08143,45.8,6453.057979,0
1119,20897.42669,47.1,2940.42397,1
1120,24904.62467,41.5,3376.907465,0
1121,66068.63504,32.3,5626.86934,0
1122,36126.23109,53.3,3805.802721,0
1123,23626.72679,39.2,2173.76769,0
1124,30200.24326,50.6,4871.677576,0
1125,65569.78524,38.8,12494.26726,0
1126,20617.26101,30,2224.068134,0
1127,25817.45462,53.1,3682.861931,1
1128,21448.82799,42.8,1989.182976,0
1129,69370.17764,33.5,4605.918773,0
1130,34145.79955,34.5,4074.952591,0
1131,52651.25686,44.2,6529.019522,0
1132,40069.33838,32.8,3646.051618,0
1133,39246.54489,37.2,919.11464,0
1134,56233.78954,32.4,9642.092538,0
1135,49264.26833,47.8,801.779606,0
1136,30451.63616,40,475.4205917,0
1137,28726.9963,36.9,3675.833415,1
1138,20113.25349,39.6,2507.64971,1
1139,43434.77543,30.2,3672.109828,0
1140,59208.71608,33.8,11479.43781,1
1141,69310.95727,45.5,1590.325804,0
1142,60567.42444,51.3,571.9329349,0
1143,22048.89504,35.4,4199.024356,0
1144,66733.71025,36,5366.640793,0
1145,22209.00951,51.3,4096.783714,1
1146,49032.66241,39.4,1777.953131,0
1147,26558.36106,31.5,22.32793318,0
1148,49255.45797,52.6,4951.915771,0
1149,30218.15123,33.3,5914.516662,0
1150,56317.08282,40.3,8045.440953,1
1151,53825.43058,35.8,431.4501612,0
1152,34927.99361,51.4,1957.057929,0
1153,53287.38502,50.6,4432.665444,1
1154,32032.55674,34.9,4582.938274,0
1155,48405.72681,53.9,3766.614435,0
1156,46132.91405,35.9,3216.491255,0
1157,29049.07149,48.9,2562.695554,0
1158,68550.68786,51.2,3879.672652,0
1159,47474.8196,47,5083.728272,0
1160,50021.65541,37.2,1054.268085,0
1161,64089.13191,32.2,6272.78845,0
1162,28451.70557,48,1042.850376,0
1163,58132.47127,36.7,5491.035602,0
1164,30961.16614,36.4,162.7955961,0
1165,64162.64961,49.8,6938.01252,0
1166,67470.11702,51.2,12715.29472,0
1167,68263.76624,49.5,4124.330404,0
1168,42889.33416,32.4,6340.708855,0
1169,20155.79236,50.3,3489.957148,0
1170,58178.61457,30.3,10948.49949,0
1171,45735.45569,40,2944.537354,0
1172,30037.20313,32.2,1247.012791,0
1173,64392.51221,35.5,4513.243712,0
1174,26291.3758,41.6,1094.177529,0
1175,36008.381,47.4,3709.304431,0
1176,54953.97966,41.5,365.6461852,0
1177,28753.32549,39.5,4990.369091,0
1178,41993.98432,32.6,6644.344214,0
1179,56696.4586,32.2,9686.630307,0
1180,51906.04616,43.2,10235.27261,1
1181,30939.39338,46.7,6115.822333,1
1182,38520.72397,46.8,4176.949955,1
1183,33489.03986,48.8,3581.655047,0
1184,52836.00643,33.2,5671.644328,0
1185,51733.28751,42.4,7906.141179,1
1186,41273.7715,41.5,3299.885072,0
1187,68223.68431,40.5,7364.001945,0
1188,28222.87891,41.4,613.2406201,0
1189,21921.36108,42.5,1901.143922,0
1190,38852.93302,39.1,7513.182864,1
1191,59621.36764,34.7,7014.622708,0
1192,41377.7456,35.5,5324.048185,0
1193,54405.62497,36.5,6253.206677,0
1194,60103.01157,30.7,2632.265613,1
1195,67528.65421,33.3,7877.415131,0
1196,61156.93738,40.9,3250.006084,1
1197,42955.6946,53.9,2962.825186,0
1198,46923.04677,44.3,3107.883782,0
1199,24951.25749,41.6,2544.356003,1
1200,26267.52942,39.7,59.46916335,0
1201,64603.92088,32.1,11264.69116,1
1202,34667.0204,53.5,2827.289402,0
1203,66008.39707,49.4,9189.611514,1
1204,45840.20762,43.8,5299.239719,0
1205,32188.01624,34.5,4659.953325,0
1206,50289.66475,42.2,6127.381688,1
1207,36837.53085,30,1598.183569,0
1208,28852.03381,44.4,5705.986163,0
1209,68127.16681,42.3,12099.9703,0
1210,41349.12251,35,8083.232201,0
1211,69132.46258,33,7621.410219,0
1212,38477.3256,42.8,289.576582,0
1213,68291.15365,39.8,9577.955143,0
1214,58074.60654,37,8551.259893,0
1215,26867.10826,36,1730.151907,0
1216,32348.45015,47.6,3229.820063,0
1217,31044.39176,52.1,4465.872769,0
1218,29279.74979,33.1,2291.988119,0
1219,35145.10019,32.3,510.7399689,0
1220,44405.28066,40.7,3917.876098,0
1221,42059.6369,40.2,5310.271529,0
1222,28612.20306,47,4948.48807,0
1223,46546.70455,50.9,254.8435786,0
1224,22832.32393,49.1,3318.407787,1
1225,21565.92154,47.1,4136.761126,0
1226,26078.21358,39.9,3665.880899,1
1227,60503.54785,46.6,6766.53302,0
1228,31233.30776,42.8,1662.453616,0
1229,34505.80093,31.4,2151.696592,0
1230,35485.11827,39.7,2482.04225,0
1231,45986.3534,34.7,7112.926157,1
1232,43308.17898,42.9,6777.198246,1
1233,53284.11968,38.6,849.5451843,0
1234,68398.28748,47.3,8106.859293,0
1235,64743.70707,49.3,4304.929109,0
1236,68412.60985,51.3,551.8430811,0
1237,59695.10715,50,8889.928408,1
1238,32406.57073,48.6,3394.65824,0
1239,33184.19598,49.9,4580.097831,0
1240,47688.25057,47.9,1377.018407,0
1241,42591.59524,47.1,4602.245841,0
1242,34051.52804,53.1,6224.152886,0
1243,61800.03438,31.4,9143.611709,1
1244,45360.71627,42.9,4569.994987,0
1245,20252.12346,47.4,3360.059414,1
1246,30134.7096,38.5,958.9980819,1
1247,56217.3265,33.2,2866.5859,0
1248,31722.73095,49.9,2877.756104,1
1249,60178.44619,34.2,3203.615438,0
1250,51144.24305,52.9,3411.656424,0
1251,22449.07739,35.4,1187.42695,0
1252,44932.87511,35,622.9128105,1
1253,40929.48394,47.1,2352.287116,0
1254,31092.26772,35.2,5617.993126,0
1255,44743.55163,37.7,2574.707756,0
1256,60770.22902,53.6,2242.82576,0
1257,43528.48431,46.3,2264.725152,0
1258,25008.94953,37.9,2941.028155,0
1259,47433.41542,50.9,9139.14371,0
1260,50064.34637,50.7,417.6331058,0
1261,60348.41356,37.8,3037.968147,0
1262,67471.1271,31.5,4448.412323,0
1263,30492.87567,46,4834.738644,0
1264,25640.07888,53.5,3105.443021,1
1265,55040.75817,37.5,8352.061533,0
1266,34476.70638,46,898.1339068,0
1267,23345.86645,40.1,4548.110289,0
1268,24426.02987,52.1,823.835162,0
1269,65849.88967,53.2,5051.302388,0
1270,60454.52565,30.7,7875.070926,0
1271,22680.31843,33.7,1743.774685,0
1272,44471.87373,39.9,5883.660558,1
1273,46572.32,33.8,721.3416051,0
1274,24369.84125,38.8,1366.536025,0
1275,56830.27286,51,10462.74045,0
1276,46942.99652,50.1,2187.065484,0
1277,42521.79071,49,6745.817708,0
1278,63188.32853,46.2,3960.855647,0
1279,29410.17752,40.6,812.3235343,0
1280,46668.62847,51.9,1833.48585,0
1281,62693.26958,41.3,5321.712558,0
1282,65307.12748,32.6,1906.79553,0
1283,59589.06429,32.4,4191.715856,0
1284,41019.54879,52.9,3005.826864,0
1285,48058.87138,38.3,6527.990222,0
1286,50208.53002,44.5,729.6044303,1
1287,62526.88793,35.1,5835.542391,1
1288,48192.18561,40.6,5026.474557,0
1289,30884.05673,44.7,4099.902045,1
1290,36965.74248,34.4,6333.391588,0
1291,43536.03891,39.6,6427.726093,1
1292,69181.66406,43.4,1173.740942,0
1293,64233.0407,38,12104.53421,1
1294,52593.51506,52.1,811.9078625,0
1295,32282.25175,37.5,3345.941958,0
1296,54077.84328,42.1,7149.066896,0
1297,51595.35748,38.2,385.4033625,0
1298,23097.37648,41.3,4517.579801,0
1299,27407.0562,31.1,2949.931674,0
1300,64395.29807,30.6,10054.63464,0
1301,60432.21666,40.6,6300.868939,0
1302,42990.98283,42.2,4665.581021,0
1303,41581.88992,42.5,7895.112865,1
1304,53289.06529,34,8047.140754,0
1305,22372.50524,31.8,1118.926064,1
1306,57119.73969,37.5,10211.72193,1
1307,31112.05942,50.5,424.3521316,0
1308,68936.32135,39,11073.1585,0
1309,20436.33129,41,2356.18197,0
1310,20583.61217,40.4,53.18620734,0
1311,58988.3058,51.3,4728.259542,1
1312,45311.83184,42.2,3103.812228,0
1313,60856.83099,36.2,10238.4963,0
1314,45818.28325,42.6,8137.164403,0
1315,20904.55548,59.7,2606.023776,0
1316,49908.29187,42.8,2903.036128,0
1317,55988.29528,23.2,7745.754809,1
1318,62125.25811,61.9,5700.457195,0
1319,48822.72096,18.4,599.347887,0
1320,29976.8291,29.4,3796.03274,0
1321,41944.26819,50.4,1203.700529,0
1322,36970.36044,36.8,1268.506383,0
1323,39992.71911,19.7,4999.202015,1
1324,42450.54304,51.9,6210.280587,0
1325,42146.93762,49.5,7367.258247,1
1326,52841.51644,26.1,5957.386324,0
1327,66418.95631,29.4,9340.544462,0
1328,44047.66656,43.1,2096.917501,0
1329,24821.21413,57.9,874.3242555,0
1330,35583.61854,63.9,27.25248225,0
1331,25289.60724,32.7,2130.793535,0
1332,39770.12866,63.4,280.8785474,0
1333,59511.1387,25.8,2520.514452,0
1334,51211.65404,29.6,4093.360006,0
1335,56530.49727,25.5,5957.993317,0
1336,42604.46298,28.2,7942.168145,0
1337,66642.00775,31.1,4958.067776,0
1338,35527.83449,29.1,325.1195915,0
1339,66896.76531,29.6,387.3944203,0
1340,51980.35954,30.7,6243.04503,0
1341,40081.42056,40.7,770.7775496,0
1342,50167.67175,33.7,5592.651807,0
1343,39545.95959,30.9,5787.658045,0
1344,43372.39761,39.4,474.5253267,0
1345,33084.16985,27,5762.469958,0
1346,53187.97965,39.4,4879.846139,0
1347,48290.88046,21.4,4902.975221,0
1348,66078.76935,38.7,3664.621452,0
1349,51547.16666,34.1,6563.41158,0
1350,39393.14058,20,5415.054667,0
1351,69592.01083,45.3,13025.05657,0
1352,54588.50119,19,2847.819173,0
1353,44964.0106,52.9,693.2147138,0
1354,46081.64555,40.1,1487.786041,0
1355,45564.01535,36.1,715.8366044,0
1356,62657.60254,60.9,5771.088254,0
1357,67921.63211,22.6,1399.875472,0
1358,59514.01238,47.2,2504.722649,0
1359,48422.53611,27.3,3520.565901,1
1360,22001.31745,21.8,2155.812173,0
1361,52529.69877,63.7,9808.19094,1
1362,24061.46316,61.3,3980.578783,1
1363,23450.87213,61.7,1419.805523,0
1364,32866.57824,58.8,6037.007733,0
1365,30958.90796,52.9,1558.930765,0
1366,27550.89527,35.7,3944.219318,1
1367,36024.93789,24.2,4155.44929,0
1368,46801.27429,55.7,5315.97382,0
1369,27082.71898,38.6,4990.557123,0
1370,65435.03538,33.7,12727.99755,1
1371,59295.74108,30.2,493.7144299,0
1372,45435.26724,62.1,2143.386972,0
1373,61742.60958,20.4,326.9895676,0
1374,31396.86601,64.2,3719.230135,0
1375,35916.70415,29.7,6401.189486,0
1376,43969.60416,41.7,7455.920157,1
1377,60624.81537,30.3,6740.716136,0
1378,69939.32968,45.5,2225.224533,0
1379,69755.32016,38.4,13766.05124,0
1380,69478.39876,32.6,10229.40788,1
1381,34192.16052,39,5233.663228,1
1382,57457.85794,32.9,3608.805202,0
1383,63910.33466,44.5,8986.718948,0
1384,26643.80899,36.1,1413.783224,0
1385,23985.07542,31.2,2284.209129,0
1386,63660.64881,34.3,7832.572411,0
1387,44102.33009,44.7,842.5690773,0
1388,29409.8059,52.8,3388.560923,0
1389,49294.65931,30.7,4574.85478,0
1390,39553.64738,36.8,7063.898036,0
1391,68583.04105,36.6,2922.288685,0
1392,31060.60626,34.1,3729.97465,0
1393,29190.32462,51,5239.594773,0
1394,63437.70015,48.4,11963.36422,0
1395,35243.06323,36.9,748.9407179,0
1396,36475.35353,51.8,413.3111631,0
1397,63271.60883,46,11298.17219,1
1398,45540.32552,45.4,1490.470251,0
1399,68565.3855,42.9,1231.537368,0
1400,20063.09958,40,2495.132991,1
1401,44222.2622,51.6,7443.486707,0
1402,67839.24446,29.8,5609.326602,0
1403,54009.69228,31.6,884.7355047,0
1404,52234.07535,39.9,9255.842934,0
1405,28423.13147,37.9,5282.849182,0
1406,52623.43759,33.9,1156.319703,0
1407,25636.33357,29.8,1239.688258,0
1408,60842.94116,29.4,6608.968795,0
1409,36727.746,39.9,7287.540764,0
1410,63830.74744,47.6,5271.626982,0
1411,43108.41456,45.5,647.8793786,0
1412,25285.26113,50.9,1027.577792,0
1413,57646.24291,34.6,1452.493378,0
1414,51027.56761,37.6,3313.30041,0
1415,37389.77238,47,7365.938916,1
1416,65017.59349,38.9,1017.166545,0
1417,20595.93458,38.1,1330.067638,0
1418,56445.47391,48.2,6875.579683,0
1419,60864.32175,46,3704.032126,0
1420,51231.01043,29.7,813.0279887,0
1421,41103.13692,41.9,3644.301903,0
1422,56267.05082,47.1,8238.115021,0
1423,20774.84582,40.5,1347.331612,0
1424,46424.22123,52.3,4087.180707,0
1425,29909.554,36.7,4495.278753,0
1426,62808.50507,37.3,6465.75059,0
1427,41243.80514,50.1,4161.573148,0
1428,46089.14789,46.5,1618.218357,0
1429,69191.23338,34.5,6270.574035,0
1430,60846.66501,46.8,8974.492021,1
1431,66558.93437,30.6,3090.992455,0
1432,27428.28187,46.9,1287.632081,0
1433,60912.79896,47.3,3870.333893,0
1434,28127.50945,43.6,3279.557824,0
1435,64029.54348,30.7,1644.339177,0
1436,61836.73562,48,10971.97464,1
1437,37005.07185,44.6,1068.887398,0
1438,56003.5734,41,3639.900038,0
1439,58038.92625,40.9,538.2305227,0
1440,29237.2562,51.3,23.91642787,0
1441,33265.79055,39.6,5968.442038,1
1442,66236.92716,33.2,2756.9723,0
1443,41978.7125,40.9,1603.924862,0
1444,63453.22313,39.9,10668.36351,1
1445,24985.59066,45.7,2017.139948,0
1446,53593.1132,51.6,1428.189214,0
1447,54179.72187,29.5,10028.01586,0
1448,20126.41377,52.3,1432.355862,0
1449,51180.83971,36.2,2875.44523,0
1450,36455.70151,38.5,3437.076895,0
1451,39188.94529,52.7,3545.162249,0
1452,47852.9269,45.2,3295.320061,0
1453,20014.48947,44.8,2426.306223,0
1454,28630.00951,45.1,4406.995056,1
1455,66688.91312,36.5,9690.308798,0
1456,53226.19441,36.3,5686.643116,0
1457,35609.47835,43.1,2574.093432,0
1458,64065.68286,47.2,771.7174942,0
1459,54935.65838,30.7,7921.83051,0
1460,67800.58133,29.8,5035.139378,0
1461,46893.33671,52.3,9131.864419,0
1462,54648.96698,36.9,10674.77021,0
1463,31410.50729,30.3,5797.292398,0
1464,36989.58954,48.5,556.5559407,0
1465,33198.12828,51.7,4285.386912,1
1466,47704.38083,50.5,2717.079485,0
1467,30569.5727,31.8,4752.557572,0
1468,61398.68707,50.6,9008.154521,0
1469,67750.82599,51.3,6855.986311,0
1470,47637.86203,51.9,6708.673591,0
1471,38357.51752,45.9,2548.413916,0
1472,43156.30527,41,2413.011907,0
1473,41101.54295,30,5240.114373,0
1474,59475.49718,49.2,2628.262124,0
1475,40708.91941,29.8,5532.343843,1
1476,30391.4733,48.5,2072.634066,0
1477,46024.14456,39.2,4318.377722,0
1478,66529.48522,29.7,6337.674939,0
1479,68115.98033,32.7,7458.559482,0
1480,38423.08429,52.3,3676.568354,0
1481,33227.28018,37.2,6470.410381,1
1482,61674.45723,37.7,4054.551771,0
1483,26931.06825,49.6,3668.646773,1
1484,60040.99384,52.2,2659.694541,1
1485,26181.24241,50,2618.973497,0
1486,61552.21751,48.7,4042.539734,0
1487,29705.07473,44.3,1912.205091,0
1488,53934.81227,48.1,2085.817639,0
1489,23007.38788,30.6,2296.795327,0
1490,48552.84341,36.2,5650.889688,0
1491,66370.88876,34.1,5176.361161,0
1492,49140.26986,47.5,8832.651707,0
1493,39684.9818,47.7,2590.928175,0
1494,32025.40445,52.6,217.488528,0
1495,55568.17946,47.7,6114.867546,0
1496,45898.51352,33.6,5617.178645,1
1497,39217.90992,29.1,864.6240529,0
1498,34070.604,35.9,1401.685061,0
1499,66768.36121,35.5,4255.367636,0
1500,31400.85843,47.6,4464.404268,0
1501,49335.75726,36.6,2549.620474,0
1502,51774.05251,29.3,1508.761776,0
1503,43064.64735,36,787.0471897,0
1504,41226.13468,43.2,2155.660059,0
1505,43044.51778,52.4,1661.71346,0
1506,33546.29204,48.5,5347.295507,0
1507,69209.33087,39.9,6284.833573,0
1508,32291.54455,40,277.3875685,0
1509,66274.0729,40.2,11576.54224,0
1510,34102.7912,45.7,1269.254575,0
1511,21144.56287,47.8,703.363923,0
1512,41049.97459,38.7,5890.113644,0
1513,36351.27773,50.1,6619.832683,1
1514,63144.45921,29.1,812.5725496,0
1515,32086.91354,30.3,6362.390354,1
1516,28873.16732,45.2,992.5777177,0
1517,65359.29615,46.8,7707.240563,0
1518,49064.28847,35.1,5636.35344,0
1519,23763.06056,32.4,2950.314863,0
1520,51845.94256,33.8,8750.832088,0
1521,67035.32642,43.7,11276.62254,0
1522,49240.7625,41.4,8004.35984,0
1523,36132.32759,38,3009.39734,0
1524,67006.80649,30.2,3692.169172,0
1525,39453.64561,48.4,436.9352469,0
1526,52205.60706,46.6,1135.152226,0
1527,46319.4168,31.6,1523.072058,0
1528,29398.72742,34.2,4673.766198,0
1529,31135.60771,37.9,2457.91369,1
1530,65603.81676,46.3,11775.35458,1
1531,41362.50837,51.5,607.965612,0
1532,60302.559,31.8,6509.698608,1
1533,54468.27921,44.2,68.62545627,1
1534,47683.71578,39.4,4752.287877,1
1535,38160.1165,52.9,3429.901579,1
1536,22925.81208,39.3,2547.279742,1
1537,64087.85881,29.7,722.5195892,1
1538,65824.51566,42.8,2643.106432,1
1539,53451.93154,45.3,10529.72349,0
1540,36455.48471,41.4,2464.162321,0
1541,39573.34144,45.5,5785.884275,1
1542,41052.36578,31.3,4652.951748,0
1543,37895.18173,37.6,6071.340205,0
1544,44827.23377,52.1,2639.916846,0
1545,28341.08677,47.9,2248.242914,0
1546,56887.2028,33.4,10969.59669,0
1547,25146.59568,52.6,2890.652793,0
1548,54739.16452,49.3,7218.968224,1
1549,30497.20451,44.5,4573.59409,1
1550,25358.89794,44.4,2220.2256,0
1551,29993.5633,41.4,2749.585697,0
1552,64675.77948,29.3,4628.603003,0
1553,56256.03887,29.5,5452.244532,0
1554,31702.3343,45,3587.722389,0
1555,34113.11328,33.7,6360.154897,1
1556,44666.01285,50.8,7548.444373,0
1557,39421.36684,45.8,6111.961017,1
1558,21683.19372,43,339.5922689,0
1559,65697.59284,42.1,5644.653159,1
1560,68657.7893,43.4,2427.949887,1
1561,66981.413,29.8,6678.5628,1
1562,45971.13349,40.4,4776.490486,1
1563,42965.99275,29.4,8109.051409,1
1564,50895.81034,30.8,5556.83987,1
1565,46175.03194,48.8,1064.081875,0
1566,44984.89912,38.1,4584.611816,0
1567,66941.86486,40.2,12380.62471,1
1568,31022.14485,38,6144.939436,0
1569,46583.1996,42.9,6241.270508,1
1570,56201.84143,51.8,8346.320922,0
1571,31587.06486,38.8,2677.825713,0
1572,40716.19089,34.1,2389.700759,0
1573,64966.06564,46.8,11495.7311,1
1574,68503.20589,36.7,3580.463677,0
1575,33867.50226,31.2,5714.026374,1
1576,54195.01517,31.5,6649.801459,0
1577,50565.33709,42.3,693.1964169,0
1578,57216.10102,49.2,3554.389365,0
1579,29849.96714,42.3,3678.899676,0
1580,29072.15179,36.5,1589.438432,0
1581,29775.14222,51.7,3327.236235,0
1582,46672.71314,48.6,1408.497717,0
1583,66393.71115,50.5,9540.416626,0
1584,29338.25645,38.8,5120.406797,1
1585,67289.58568,32.7,13376.79771,1
1586,45980.33434,34.9,5929.09803,1
1587,34163.62565,47.2,6617.400172,0
1588,52216.8158,29.5,6803.333393,1
1589,62313.27763,38.3,925.7955921,0
1590,49205.6371,39.2,3393.856589,0
1591,65688.7315,29.4,3673.870415,0
1592,43489.82845,38.8,6501.041226,0
1593,40966.67453,49.5,2393.524149,0
1594,37261.44712,31.6,2075.519822,0
1595,58775.40389,52.5,5673.599822,0
1596,39395.83041,46.3,7557.873338,0
1597,21144.16215,34.3,987.7941458,0
1598,33126.13272,33.9,4169.992872,0
1599,30931.50602,29.8,1074.787904,0
1600,31936.94201,42.7,4087.995048,0
1601,38157.02968,43.5,5628.012004,0
1602,21032.81869,40.9,4024.089367,0
1603,50238.53247,47.1,2567.615154,0
1604,67346.66246,33.3,6752.122458,0
1605,33261.64602,29.6,586.6510962,0
1606,53113.0361,47.8,10080.52438,0
1607,42749.99032,32.8,4626.538637,0
1608,42108.19992,40.6,1020.978164,1
1609,61344.53221,31.9,7172.654332,0
1610,54738.68229,52.5,6210.728279,0
1611,69695.15045,48.2,8418.25316,1
1612,62507.35478,31.5,6590.77723,0
1613,61922.77464,42.3,1933.08292,0
1614,58023.72377,30.4,2785.779563,0
1615,27010.88377,44.5,2373.175255,0
1616,21194.61617,35.6,1102.848094,0
1617,68338.0974,46.9,12840.69671,1
1618,67772.79368,44,5037.933861,0
1619,67131.80269,32.2,2271.404537,0
1620,33159.21728,41.9,2135.532137,0
1621,66087.08847,32.9,11039.28872,0
1622,60362.34427,36.1,10306.70536,1
1623,54609.46518,50.1,5618.20457,0
1624,63637.28183,38.7,9955.225362,1
1625,40918.5703,42.7,3813.699268,0
1626,51486.13032,52.3,3955.113351,0
1627,44896.25649,49.2,3787.639141,0
1628,24877.68441,44.4,1546.422886,0
1629,52263.3555,34.2,10161.94667,1
1630,42775.52551,30.2,6145.987757,0
1631,67064.01367,44.9,8945.289469,1
1632,50307.94468,39.6,7207.941173,0
1633,37432.68096,41.3,4445.502385,0
1634,30084.15883,38.6,737.2537244,0
1635,61427.41464,47,2163.312487,0
1636,54718.85279,49.8,2883.284107,0
1637,47923.57551,44.1,6931.716435,0
1638,22880.7276,48.2,1909.215139,0
1639,46118.5501,48.6,2728.311486,0
1640,35082.38569,32.1,2918.477721,0
1641,38387.32228,30.8,6453.507839,1
1642,57413.57224,32,9421.298413,0
1643,28198.09734,43.5,4370.793619,0
1644,50117.85704,40.5,3599.068821,0
1645,34876.33293,33.2,3102.347059,0
1646,64126.49168,35.9,4956.941565,0
1647,41916.69268,49.3,6106.109586,0
1648,50052.29293,30.4,5589.328271,0
1649,39158.91751,42.1,6887.738421,0
1650,62219.03754,49.7,5831.521429,0
1651,67151.31861,41.1,3941.698673,0
1652,46166.16313,43.1,901.7531177,0
1653,23881.78651,33.8,1190.630105,0
1654,48445.11312,34.9,8733.442215,0
1655,32441.65201,35.2,840.7142066,0
1656,33820.18651,40.2,4342.178111,0
1657,61812.90135,47,3124.312409,0
1658,25347.57266,46.7,2188.503086,0
1659,33965.52371,41.1,3123.898738,0
1660,23641.70268,47.2,4203.50356,0
1661,50660.90425,39.7,7511.003494,0
1662,44037.24398,34.9,5269.518403,0
1663,51657.12396,35.9,609.3508858,0
1664,46573.24438,35.5,5533.292189,0
1665,26922.46222,33.4,3950.00079,0
1666,48414.25154,52.1,2105.709505,0
1667,43974.84053,34.4,8371.493105,0
1668,65913.83201,29.4,12972.41836,0
1669,64715.99897,38.9,11173.80845,0
1670,25481.98791,31.1,4005.816148,0
1671,54170.53261,37.6,1048.932372,1
1672,51653.70474,42.7,1853.419156,0
1673,66054.50623,40.3,10321.0987,0
1674,60019.44714,52.5,6978.347128,0
1675,31523.95286,30.6,5697.021469,0
1676,65660.94854,31.3,93.15264188,0
1677,61893.48364,29.2,6038.162662,0
1678,49230.09821,43.2,8375.729867,0
1679,38337.82947,36.4,5691.09349,0
1680,64016.43339,34.9,10048.39421,0
1681,46308.64516,34.1,6815.485141,0
1682,66209.14427,42.7,7134.656119,0
1683,47770.71142,51.8,5366.868793,0
1684,29856.48632,39.7,4731.816864,1
1685,21451.49729,45.9,1719.038044,0
1686,59673.17045,41.6,7533.679839,0
1687,47481.42964,52,9402.876118,1
1688,36219.77291,37.7,4280.794199,0
1689,59458.70434,44,1513.327637,1
1690,67010.84098,52.2,11646.91061,1
1691,58693.41942,34.1,4033.153519,0
1692,43041.04139,43,2245.505278,0
1693,31920.41272,34.1,217.1879621,0
1694,32771.12541,47.6,1853.68197,0
1695,55487.14713,41,178.6924716,0
1696,68406.80717,36.6,2491.460861,0
1697,37277.12306,50.5,4242.640648,0
1698,39762.52658,52.6,3809.347155,0
1699,41674.24314,33.4,3203.204656,0
1700,25789.74203,33.7,4442.33178,0
1701,24575.05989,50.7,1667.748767,0
1702,58082.3601,47.9,9175.667318,0
1703,67881.8805,34.4,10503.57125,0
1704,50115.0549,46,3447.002152,0
1705,40443.20363,40.5,1857.252327,0
1706,65824.83738,32.2,154.9456163,0
1707,51199.86984,44.4,4064.818093,0
1708,67032.28946,33.1,5487.820266,0
1709,42205.6829,43.3,2444.737196,0
1710,37730.36211,51.2,5273.559352,0
1711,47398.31104,30.5,9041.878835,0
1712,48933.20969,32.5,5071.371891,0
1713,53078.85583,47.8,10566.35387,1
1714,53236.993,32.9,703.6021978,1
1715,58121.95469,41.8,5161.107409,1
1716,57261.15139,41,2527.755923,0
1717,52102.5909,42.3,8799.819842,1
1718,45165.92595,46.5,5534.550798,0
1719,58809.29247,37.2,5470.587846,0
1720,36598.34047,31.2,6849.29481,0
1721,62096.28261,40.4,8034.747774,1
1722,68114.07098,51.8,4325.099268,0
1723,67978.46685,49.2,7382.502551,0
1724,26615.5243,39.3,3458.193614,0
1725,51254.37001,31.4,8747.208629,0
1726,34428.97264,43.3,6016.615091,1
1727,60974.58714,49.3,6165.65882,0
1728,63330.73455,44.4,5170.899852,0
1729,58168.47407,35.5,2935.367657,0
1730,59579.60921,43.4,2319.362857,0
1731,52219.8955,43.6,6560.469542,0
1732,28700.87259,33.3,5090.310491,1
1733,27193.74305,39.8,4518.858351,1
1734,67417.571,51.5,6478.402532,0
1735,57341.43277,49.8,784.8948568,0
1736,64056.53612,39.1,5982.805039,0
1737,66370.69351,45.2,5906.034309,0
1738,45045.43165,31.6,8489.405985,0
1739,58609.13148,29.9,4270.532996,0
1740,53289.06797,50.7,7395.513416,1
1741,60309.32883,45.7,2343.073833,0
1742,45139.48639,47.5,1743.691464,0
1743,22815.64061,42.6,2749.079844,0
1744,45215.01469,36.5,383.8501673,0
1745,40568.07518,40.1,5990.318608,0
1746,43721.25181,41,5923.392464,0
1747,38129.75487,42.8,3964.729278,0
1748,22547.96164,40.2,2957.295712,0
1749,57468.05944,52.8,8452.955624,0
1750,25534.67352,38.9,1084.966942,0
1751,26325.50339,38.2,3336.131472,0
1752,65913.83084,39.3,11738.91571,0
1753,67119.13596,38.1,2725.240313,0
1754,62020.46813,47.8,114.2098881,0
1755,37965.84934,37.4,299.0547059,0
1756,62114.85602,33.7,12115.89231,1
1757,36871.06176,41.5,792.7110544,0
1758,65030.90935,30.8,2231.976166,0
1759,23193.6046,33.2,548.5961163,0
1760,59568.62432,39.3,7685.326744,0
1761,50527.58417,52.4,5639.245689,0
1762,60776.11021,49.7,10382.43968,1
1763,61632.28271,35.2,3028.591328,0
1764,45930.45265,50.3,7765.252827,0
1765,25857.76559,43.1,1810.232339,0
1766,55093.92123,29.1,6485.30159,0
1767,42301.33448,46.6,1480.61489,0
1768,51903.53425,43.9,8807.867971,0
1769,64398.14616,29.4,1674.905633,0
1770,41089.51083,47.7,997.1841685,0
1771,36727.5509,31.8,794.5568182,0
1772,38163.39454,37.7,454.3076768,0
1773,35949.89641,38.9,3680.177028,0
1774,44979.80219,39.8,6045.089487,1
1775,48211.58184,50.3,2606.124698,0
1776,28267.08995,38.3,965.3732272,0
1777,33816.22334,33.9,5265.743252,0
1778,33078.99598,32.3,6278.316279,0
1779,36019.8172,48.3,2987.962123,0
1780,34238.53029,45.2,6002.93511,0
1781,62064.52068,41.9,2972.381023,0
1782,44867.61524,40,366.1011044,0
1783,37162.88822,47,3110.531147,0
1784,65680.94802,52.3,8838.231305,0
1785,58772.85748,39.9,7048.005343,0
1786,32435.24811,47.5,5685.405228,0
1787,58028.2132,40.2,5753.895027,0
1788,60595.27533,37,4534.490222,0
1789,36565.80389,42,1888.334736,1
1790,20742.69697,36.1,2295.818094,0
1791,46666.63801,34.5,7677.823856,1
1792,32203.56694,34.1,838.0214411,0
1793,36535.31539,34.2,271.7251877,0
1794,28163.29507,36.4,2121.151956,0
1795,39019.35774,30.6,3196.559769,1
1796,24709.08325,48.8,1915.385594,1
1797,43052.96856,43.5,488.9372735,0
1798,25003.91611,45.4,2183.713426,0
1799,46696.89266,39.2,4732.498144,0
1800,50112.4622,45.7,5067.032925,0
1801,43265.90032,47.1,6194.07205,0
1802,67802.69446,51.7,13443.47318,0
1803,55408.70595,39.7,10300.28125,0
1804,67048.893,44.8,10839.91376,0
1805,40262.59764,43.1,6535.85195,0
1806,46427.49918,43.6,5671.45056,0
1807,46911.1971,49.7,4263.853588,0
1808,57359.55243,29.3,10011.41068,1
1809,34569.30464,38.3,6254.527617,0
1810,52797.40104,36.3,1080.42349,0
1811,56630.39526,36.6,8442.891373,0
1812,45245.73975,37.8,1974.009904,0
1813,20803.61454,31.1,758.4348491,0
1814,57717.60679,44.4,3153.222829,0
1815,20647.88765,50.1,725.4568686,0
1816,59046.45715,34.9,8237.046829,0
1817,62662.25883,52.5,1965.921357,0
1818,33614.49461,52.3,4837.787511,0
1819,48765.12887,42.3,5183.859126,0
1820,57240.75694,45.7,313.6279418,0
1821,49973.66646,32.8,363.899917,0
1822,41255.93969,51.2,5296.907773,0
1823,61129.72316,37.5,11302.76769,0
1824,48938.58344,34.6,3028.834619,0
1825,68648.2414,34.4,9425.707309,1
1826,41250.82854,52.6,7651.577272,0
1827,22415.65476,52,4371.715441,0
1828,24112.49939,44.3,3285.499948,0
1829,41692.60518,50.8,1708.712503,0
1830,23516.7277,49.7,559.9053229,0
1831,53812.22648,34.3,3245.041667,0
1832,29750.2948,49.2,3627.987077,0
1833,22633.67692,46.1,553.5208586,0
1834,28713.83052,48.4,1936.813257,0
1835,63321.90927,49,8092.98278,1
1836,35276.58799,45.3,6820.315404,1
1837,35914.60931,43.4,520.9960335,0
1838,31568.14432,36,5067.410013,0
1839,39934.06749,38.6,184.7443024,0
1840,48614.84968,29.2,5984.950784,0
1841,29838.12481,32.5,5913.649556,1
1842,57745.35888,48,5540.464047,0
1843,44447.5293,37.4,2714.403108,0
1844,51768.00534,31.7,6632.036203,1
1845,34891.14044,52,6152.314492,0
1846,45382.8079,41,2742.454975,0
1847,40719.49032,29.8,6415.086244,1
1848,55145.78501,32.4,8968.678877,0
1849,48752.42408,35.9,8934.785761,1
1850,55763.42742,44.8,7913.837734,1
1851,36431.16141,52.8,6783.361363,0
1852,40522.82828,39.3,7720.780489,0
1853,42465.66975,40.8,7314.976322,0
1854,38561.94404,38.8,4831.111171,1
1855,54957.44967,30.3,6976.463275,0
1856,24822.06984,40.2,2361.166802,0
1857,25252.48774,31,434.8674516,0
1858,25671.74258,44,2272.14762,0
1859,60672.14559,40.5,6279.687007,0
1860,60729.94924,45.6,5006.850087,0
1861,40240.72756,33.2,7498.630447,0
1862,57513.81746,37.8,6921.491029,0
1863,64287.39763,48.2,6301.594778,0
1864,48428.03365,41.4,7718.479795,0
1865,55313.83225,36,9733.113189,0
1866,27045.39957,45.5,2503.7884,0
1867,58216.07198,52.1,9581.833306,1
1868,34722.96483,52.5,4073.411901,0
1869,58503.77101,46.5,7050.432526,0
1870,55299.78724,47.4,8052.381283,0
1871,49501.90592,34.4,2226.81958,0
1872,61765.70904,43.5,3649.643103,0
1873,48430.99367,39.7,6069.649094,1
1874,66366.95742,46.8,465.0115658,0
1875,55320.78001,40.5,5990.716973,0
1876,48774.28816,32,3728.483342,0
1877,61679.95316,38.7,3060.030168,0
1878,61485.1796,46.5,3211.670281,0
1879,24402.44017,41.3,101.2185381,0
1880,21258.90278,37.1,706.6197387,0
1881,48763.68054,48.5,8172.052504,1
1882,24406.89381,39.4,1733.403111,0
1883,61693.58631,30,1568.863689,1
1884,22748.03304,30.4,108.6299113,0
1885,21479.94672,44.9,1098.073365,0
1886,51286.6564,26.8,1134.234384,0
1887,27153.66392,52.1,3177.517372,0
1888,36370.49398,28.5,2855.2161,0
1889,32400.54496,51.7,3591.797505,0
1890,60434.16443,52.7,2474.248112,0
1891,57303.47976,63.1,10491.63215,0
1892,42994.68224,32.1,4453.824617,0
1893,68339.80794,56.4,2505.868398,0
1894,49292.30314,62.9,967.1345882,0
1895,57802.4297,54.2,6796.590935,0
1896,50779.38079,59.8,6859.836596,0
1897,35993.98976,52.6,93.89580488,0
1898,21771.12934,41.4,350.4455484,0
1899,61414.80126,35.3,9743.609259,0
1900,35784.66349,41.1,110.2028905,0
1901,24791.1867,36.2,4844.680983,0
1902,49048.75736,59.2,6363.113668,0
1903,69852.05872,30.8,9246.265058,0
1904,21217.74746,39.2,2690.768134,0
1905,48031.06741,57.9,7826.325909,0
1906,64072.31322,19.2,2426.008622,0
1907,56689.4639,38.2,5740.591698,0
1908,45769.25952,45.6,8236.476519,0
1909,35020.48877,65,6832.803042,0
1910,56751.92851,64.2,7877.330041,0
1911,27363.6318,35.1,3215.263093,0
1912,48455.71741,31.3,1780.507334,0
1913,21424.09133,19.5,1795.223958,0
1914,69992.33271,33.5,52.87219028,0
1915,68110.23995,44.3,11029.66771,1
1916,48015.55474,43.2,54.00824238,0
1917,23102.21779,25.3,1779.574528,0
1918,46134.85414,52,8716.611259,0
1919,48547.96138,43.3,1940.870699,0
1920,26095.02691,54.6,5143.490416,0
1921,64057.84479,38.8,5774.281958,0
1922,24454.19062,64.6,864.9687379,0
1923,40506.94401,38.5,5961.531816,0
1924,43421.04574,36,4705.757083,0
1925,55881.5418,23.1,8383.074165,1
1926,45917.60069,48.9,8253.273858,0
1927,52901.90954,43.4,729.3773772,0
1928,41183.82466,60.3,7606.993239,0
1929,25379.91548,63.2,4693.111697,1
1930,27514.08847,46,192.1446105,0
1931,44241.283,27.7,8733.179295,1
1932,29076.33771,28.1,286.2644342,0
1933,60536.91287,64.3,3132.551831,0
1934,47881.956,34,5575.635648,1
1935,49144.37106,48.6,1633.03578,1
1936,33707.80104,46.7,321.5789312,0
1937,46442.28279,34.3,1484.561548,0
1938,25602.95725,27.7,2214.922493,0
1939,61236.39608,63.3,6562.903837,0
1940,48187.34788,48,2003.41185,0
1941,29933.20193,47.4,5953.521871,1
1942,41027.90736,54.6,4369.218876,0
1943,49990.66011,64.6,1896.754994,1
1944,59792.50859,61.8,660.2414526,0
1945,35879.51999,46,5335.403499,0
1946,29102.22172,31,1890.447478,0
1947,30047.81941,44.9,5768.742735,0
1948,59299.16272,29.8,4944.056264,0
1949,64484.0148,49.7,1391.601802,0
1950,36352.42229,37.8,6239.247526,0
1951,66034.7543,58.8,3913.782124,0
1952,51650.27137,28.3,3743.003437,0
1953,31898.15991,44.2,2015.182969,0
1954,58780.2335,63.9,5029.707636,0
1955,67754.10467,29.3,2989.950997,0
1956,48500.26815,26.3,7054.606149,0
1957,55704.79816,60.6,5594.332971,0
1958,50458.9582,28.8,9852.889427,0
1959,48263.00343,31.5,7798.793463,1
1960,38755.16271,52.5,4244.498033,0
1961,68131.6643,28,7813.23983,0
1962,28991.42394,63.4,1249.347564,0
1963,35108.55795,21.2,4002.991276,0
1964,28858.59887,36.6,3764.815174,0
1965,22800.79677,55.8,3740.900936,1
1966,29572.9759,20.4,5006.253823,0
1967,21982.01737,44.7,4265.173704,0
1968,45576.83836,34.8,4952.653346,0
1969,55068.66894,38.6,4852.766598,0
1970,56441.01624,58.9,9043.756044,0
1971,68047.92531,60.6,4023.064765,0
1972,36275.73586,52.3,644.3841948,0
1973,52389.36685,61.7,10398.82059,0
1974,23678.37611,21.6,1779.814597,0
1975,37707.64295,41.8,268.2909708,0
1976,57753.56896,43,5067.449964,0
1977,30529.96329,57.9,6046.840845,0
1978,44022.26874,57.6,1707.67287,0
1979,58533.88468,50.1,7832.443321,0
1980,33702.53183,18.9,922.0365897,0
1981,40236.87207,57.2,4354.314412,0
1982,62619.15599,45.3,3959.611772,0
1983,50738.36219,57.4,9719.562798,0
1984,64466.76014,51,8537.369666,1
1985,64636.40219,63.6,2583.106425,0
1986,22371.52219,45.6,2291.856428,1
1987,67994.98847,48.3,7289.014109,0
1988,49640.0047,32.2,5760.858734,1
1989,42067.24645,36,4601.606183,0
1990,43662.09269,47,7269.596897,0
1991,34237.57542,33.6,2658.090632,0
1992,26300.44655,47.6,2317.393678,0
1993,30803.80616,51.6,623.0241528,0
1994,54421.41016,55.2,3273.631823,0
1995,24254.70079,25.7,2225.284643,0
1996,59221.04487,62.3,1926.729397,0
1997,69516.12757,64.3,3503.176156,0
1998,44311.44926,30.9,5522.786693,1
1999,43756.0566,46.8,1622.722598,0
2000,69436.57955,41.5,7378.833599,0
